Section,Question,Response,Evidence / Notes
Organization & Scope,What is the name and primary business of your organization?,,
Organization & Scope,"What systems, applications, or data are in scope for this assessment?",,
Organization & Scope,How many employees does your organization have?,,
Governance,Do you have a documented Information Security Policy? (Yes/No/Partial),,
Governance,Is there a designated CISO or security lead?,,
Governance,How often is the security policy reviewed?,,
Risk Management,Do you perform formal risk assessments? (Yes/No/Partial),,
Risk Management,Describe your risk register or risk tracking process.,,
Access Control,How do you manage privileged access (admin accounts)?,,
Access Control,Is multi-factor authentication (MFA) enforced? (Yes/No/Partial),,
Access Control,How is user access reviewed and de-provisioned?,,
Asset Management,Do you maintain an inventory of hardware and software assets? (Yes/No),,
Asset Management,"How are assets classified (e.g., critical, sensitive)?",,
Incident Response,Do you have a documented Incident Response Plan? (Yes/No),,
Incident Response,When was the IR plan last tested?,,
Incident Response,How are security incidents logged and tracked?,,
Data Protection,How is sensitive data identified and classified?,,
Data Protection,Is data encrypted at rest and in transit? (Yes/No/Partial),,
Data Protection,Describe your backup and recovery procedures.,,
Vulnerability Management,Do you perform regular vulnerability scans? (Yes/No/Partial),,
Vulnerability Management,How are critical vulnerabilities prioritized and remediated?,,
Third-Party Risk,Do you assess the security posture of key vendors/suppliers? (Yes/No),,
Third-Party Risk,Are third-party agreements reviewed for security requirements?,,
Training & Awareness,Do employees receive annual security awareness training? (Yes/No),,
Training & Awareness,How are phishing simulations or exercises conducted?,,
Compliance,"What regulatory frameworks apply to your organization (e.g., HIPAA, PCI-DSS, SOC 2)?",,
Compliance,Are there any outstanding audit findings or regulatory actions?,,
Additional Notes,Please describe any recent security incidents or breaches.,,
Additional Notes,List any current security projects or initiatives in progress.,,
